mean_fit_time,std_fit_time,mean_score_time,std_score_time,param_smote__sampling_strategy,param_smote__k_neighbors,param_model__solver,param_model__class_weight,param_model__C,params,split0_test_score,split1_test_score,split2_test_score,split3_test_score,split4_test_score,mean_test_score,std_test_score,rank_test_score,split0_train_score,split1_train_score,split2_train_score,split3_train_score,split4_train_score,mean_train_score,std_train_score
2.5694520473480225,0.5812672065699624,0.11124277114868164,0.01866090603552615,0.1,7,lbfgs,,0.1,"{'smote__sampling_strategy': 0.1, 'smote__k_neighbors': 7, 'model__solver': 'lbfgs', 'model__class_weight': None, 'model__C': 0.1}",0.017964071856287425,0.005988023952095809,0.008982035928143712,0.020958083832335328,0.005988023952095809,0.011976047904191617,0.006280292504012883,25,0.008982035928143712,0.014221556886227544,0.01721556886227545,0.012724550898203593,0.014221556886227544,0.01347305389221557,0.0026779257215566346
5.7988354682922365,0.36050864974002134,0.1274808406829834,0.021628018851312256,0.75,7,liblinear,,0.01,"{'smote__sampling_strategy': 0.75, 'smote__k_neighbors': 7, 'model__solver': 'liblinear', 'model__class_weight': None, 'model__C': 0.01}",0.08383233532934131,0.08682634730538923,0.0658682634730539,0.0748502994011976,0.09880239520958084,0.08203592814371258,0.011138368405831302,20,0.08308383233532934,0.08083832335329341,0.08532934131736528,0.08383233532934131,0.07784431137724551,0.08218562874251498,0.002610119127868667
5.876011610031128,0.6232311130982009,0.14086484909057617,0.03496518214831628,0.1,5,liblinear,balanced,1.0,"{'smote__sampling_strategy': 0.1, 'smote__k_neighbors': 5, 'model__solver': 'liblinear', 'model__class_weight': 'balanced', 'model__C': 1}",0.4940119760479042,0.5239520958083832,0.5059880239520959,0.5059880239520959,0.5598802395209581,0.5179640718562875,0.02303638809780999,7,0.5336826347305389,0.5157185628742516,0.5082335329341318,0.5254491017964071,0.5097305389221557,0.5185628742514969,0.009683210556165382
4.9089971542358395,0.6848032709409533,0.1103470802307129,0.026986104232633725,0.1,7,liblinear,,100.0,"{'smote__sampling_strategy': 0.1, 'smote__k_neighbors': 7, 'model__solver': 'liblinear', 'model__class_weight': None, 'model__C': 100}",0.017964071856287425,0.0029940119760479044,0.008982035928143712,0.017964071856287425,0.005988023952095809,0.010778443113772455,0.00616504798861497,27,0.008982035928143712,0.01347305389221557,0.017964071856287425,0.01122754491017964,0.01347305389221557,0.013023952095808384,0.0029790043027144307
4.503263521194458,0.9662184595092633,0.10955753326416015,0.030913562731874806,0.1,7,liblinear,,10.0,"{'smote__sampling_strategy': 0.1, 'smote__k_neighbors': 7, 'model__solver': 'liblinear', 'model__class_weight': None, 'model__C': 10}",0.017964071856287425,0.0029940119760479044,0.008982035928143712,0.017964071856287425,0.005988023952095809,0.010778443113772455,0.00616504798861497,27,0.008982035928143712,0.01347305389221557,0.017964071856287425,0.01122754491017964,0.01347305389221557,0.013023952095808384,0.0029790043027144307
4.938877201080322,0.49491710287660634,0.125077486038208,0.011220710069284262,0.02,7,liblinear,,10.0,"{'smote__sampling_strategy': 0.02, 'smote__k_neighbors': 7, 'model__solver': 'liblinear', 'model__class_weight': None, 'model__C': 10}",0.0029940119760479044,0.0,0.0029940119760479044,0.008982035928143712,0.0,0.0029940119760479044,0.0032797757934441086,30,0.0029940119760479044,0.0037425149700598802,0.0029940119760479044,0.0014970059880239522,0.0037425149700598802,0.0029940119760479044,0.0008199439483610271
5.390387630462646,0.38617589114050493,0.08657360076904297,0.03190680092986492,0.2,7,liblinear,balanced,0.1,"{'smote__sampling_strategy': 0.2, 'smote__k_neighbors': 7, 'model__solver': 'liblinear', 'model__class_weight': 'balanced', 'model__C': 0.1}",0.49101796407185627,0.5329341317365269,0.5089820359281437,0.49700598802395207,0.5598802395209581,0.5179640718562875,0.02540503405460651,7,0.5299401197604791,0.5232035928143712,0.5112275449101796,0.5254491017964071,0.5097305389221557,0.5199101796407185,0.00801422683492465
3.344333124160767,0.3824358845965328,0.1421123504638672,0.035290373213231994,0.5,3,lbfgs,,0.001,"{'smote__sampling_strategy': 0.5, 'smote__k_neighbors': 3, 'model__solver': 'lbfgs', 'model__class_weight': None, 'model__C': 0.001}",0.0718562874251497,0.0688622754491018,0.04790419161676647,0.059880239520958084,0.08083832335329341,0.06586826347305388,0.011202567026269285,22,0.06437125748502993,0.06511976047904192,0.07035928143712575,0.06736526946107785,0.06212574850299401,0.0658682634730539,0.002800641756567323
2.57913818359375,0.2293403346925218,0.11420555114746093,0.01785197012465521,0.1,5,lbfgs,balanced,0.001,"{'smote__sampling_strategy': 0.1, 'smote__k_neighbors': 5, 'model__solver': 'lbfgs', 'model__class_weight': 'balanced', 'model__C': 0.001}",0.4940119760479042,0.5209580838323353,0.4940119760479042,0.4940119760479042,0.5508982035928144,0.5107784431137724,0.022612224656885276,18,0.532185628742515,0.5089820359281437,0.4977544910179641,0.5224550898203593,0.5089820359281437,0.5140718562874251,0.011970432815391483
4.221664762496948,0.5965884159682574,0.10462803840637207,0.019429779307845157,0.3,7,lbfgs,balanced,1.0,"{'smote__sampling_strategy': 0.3, 'smote__k_neighbors': 7, 'model__solver': 'lbfgs', 'model__class_weight': 'balanced', 'model__C': 1}",0.5,0.5329341317365269,0.5149700598802395,0.5,0.562874251497006,0.5221556886227544,0.023696238248394466,1,0.5366766467065869,0.5217065868263473,0.5119760479041916,0.5269461077844312,0.5119760479041916,0.5218562874251498,0.009389462144051957
5.500202894210815,1.1242259564759642,0.12481412887573243,0.01966562263036335,0.75,5,lbfgs,balanced,10.0,"{'smote__sampling_strategy': 0.75, 'smote__k_neighbors': 5, 'model__solver': 'lbfgs', 'model__class_weight': 'balanced', 'model__C': 10}",0.49101796407185627,0.5299401197604791,0.5059880239520959,0.4940119760479042,0.5778443113772455,0.5197604790419162,0.03211278485698662,5,0.5276946107784432,0.5194610778443114,0.5112275449101796,0.5224550898203593,0.5217065868263473,0.5205089820359282,0.005368389544024295
10.201764249801636,0.9279613966592307,0.10339207649230957,0.042334609917569724,1.0,5,liblinear,balanced,10.0,"{'smote__sampling_strategy': 1.0, 'smote__k_neighbors': 5, 'model__solver': 'liblinear', 'model__class_weight': 'balanced', 'model__C': 10}",0.49101796407185627,0.5299401197604791,0.5059880239520959,0.49700598802395207,0.5748502994011976,0.5197604790419162,0.030568261121198124,5,0.5299401197604791,0.5202095808383234,0.5112275449101796,0.5224550898203593,0.5194610778443114,0.5206586826347305,0.005999240990872424
3.425636100769043,0.6991139726186288,0.12955422401428224,0.03054580218332739,0.05,7,lbfgs,balanced,0.1,"{'smote__sampling_strategy': 0.05, 'smote__k_neighbors': 7, 'model__solver': 'lbfgs', 'model__class_weight': 'balanced', 'model__C': 0.1}",0.48502994011976047,0.5269461077844312,0.5149700598802395,0.5059880239520959,0.5568862275449101,0.5179640718562875,0.023801924448325483,7,0.5164670658682635,0.5104790419161677,0.5104790419161677,0.5291916167664671,0.5074850299401198,0.5148203592814371,0.007755589129933309
6.191282558441162,0.8610072069670109,0.09811859130859375,0.02148815371615575,0.3,7,liblinear,balanced,1.0,"{'smote__sampling_strategy': 0.3, 'smote__k_neighbors': 7, 'model__solver': 'liblinear', 'model__class_weight': 'balanced', 'model__C': 1}",0.5,0.5329341317365269,0.5149700598802395,0.5,0.562874251497006,0.5221556886227544,0.023696238248394466,1,0.5366766467065869,0.5224550898203593,0.5119760479041916,0.5269461077844312,0.5119760479041916,0.5220059880239521,0.009391848587639622
8.776064252853393,1.0897257448275235,0.10496559143066406,0.016146809469692075,0.75,3,liblinear,balanced,100.0,"{'smote__sampling_strategy': 0.75, 'smote__k_neighbors': 3, 'model__solver': 'liblinear', 'model__class_weight': 'balanced', 'model__C': 100}",0.4940119760479042,0.5299401197604791,0.5059880239520959,0.49101796407185627,0.5688622754491018,0.5179640718562875,0.02890423565544234,7,0.532185628742515,0.5209580838323353,0.5112275449101796,0.5149700598802395,0.5142215568862275,0.5187125748502993,0.007439984215442629
5.256303167343139,0.44114666126380137,0.09274063110351563,0.014933162991747243,1.0,7,liblinear,balanced,0.01,"{'smote__sampling_strategy': 1.0, 'smote__k_neighbors': 7, 'model__solver': 'liblinear', 'model__class_weight': 'balanced', 'model__C': 0.01}",0.49101796407185627,0.5329341317365269,0.5089820359281437,0.4940119760479042,0.5568862275449101,0.5167664670658683,0.02494930138443071,13,0.5291916167664671,0.5187125748502994,0.5112275449101796,0.5209580838323353,0.5119760479041916,0.5184131736526945,0.006569792891464591
2.8499565601348875,0.37094551718224095,0.11482715606689453,0.014495952250562731,0.05,3,lbfgs,balanced,0.1,"{'smote__sampling_strategy': 0.05, 'smote__k_neighbors': 3, 'model__solver': 'lbfgs', 'model__class_weight': 'balanced', 'model__C': 0.1}",0.5029940119760479,0.5479041916167665,0.4940119760479042,0.49700598802395207,0.5419161676646707,0.5167664670658683,0.02323785378674523,13,0.5389221556886228,0.5202095808383234,0.49850299401197606,0.5224550898203593,0.4940119760479042,0.5148203592814371,0.016537682011546682
5.019697523117065,0.6303650051613477,0.08337564468383789,0.02050482687682297,1.0,3,liblinear,balanced,0.001,"{'smote__sampling_strategy': 1.0, 'smote__k_neighbors': 3, 'model__solver': 'liblinear', 'model__class_weight': 'balanced', 'model__C': 0.001}",0.49700598802395207,0.5269461077844312,0.5059880239520959,0.49101796407185627,0.5658682634730539,0.5173652694610779,0.02713836932604708,12,0.5299401197604791,0.5202095808383234,0.5097305389221557,0.5149700598802395,0.5187125748502994,0.5187125748502993,0.006678056294369907
3.0986759662628174,0.49911958123369093,0.11030073165893554,0.016880546462679297,0.3,7,lbfgs,,100.0,"{'smote__sampling_strategy': 0.3, 'smote__k_neighbors': 7, 'model__solver': 'lbfgs', 'model__class_weight': None, 'model__C': 100}",0.06287425149700598,0.05089820359281437,0.03592814371257485,0.05389221556886228,0.0718562874251497,0.055089820359281436,0.012065533939886157,23,0.0531437125748503,0.05389221556886228,0.06212574850299401,0.05913173652694611,0.0531437125748503,0.0562874251497006,0.003679103511210929
3.9681909561157225,0.41141527697373564,0.09862284660339356,0.013081132070464055,0.05,5,liblinear,balanced,0.01,"{'smote__sampling_strategy': 0.05, 'smote__k_neighbors': 5, 'model__solver': 'liblinear', 'model__class_weight': 'balanced', 'model__C': 0.01}",0.4820359281437126,0.5209580838323353,0.5059880239520959,0.5029940119760479,0.5598802395209581,0.51437125748503,0.02592198900827948,15,0.5232035928143712,0.5074850299401198,0.5112275449101796,0.5269461077844312,0.5127245508982036,0.516317365269461,0.007446006057153232
3.993769645690918,0.5056551424994915,0.09035148620605468,0.010543502961123392,0.5,5,lbfgs,balanced,100.0,"{'smote__sampling_strategy': 0.5, 'smote__k_neighbors': 5, 'model__solver': 'lbfgs', 'model__class_weight': 'balanced', 'model__C': 100}",0.49101796407185627,0.5299401197604791,0.5149700598802395,0.49700598802395207,0.5748502994011976,0.5215568862275449,0.029964062283106118,3,0.5261976047904192,0.5202095808383234,0.5127245508982036,0.5217065868263473,0.5217065868263473,0.5205089820359282,0.004379861927643073
2.26240553855896,0.17325516691761741,0.1080662727355957,0.012953910642436653,0.1,7,lbfgs,balanced,0.001,"{'smote__sampling_strategy': 0.1, 'smote__k_neighbors': 7, 'model__solver': 'lbfgs', 'model__class_weight': 'balanced', 'model__C': 0.001}",0.4880239520958084,0.5239520958083832,0.49700598802395207,0.5,0.5568862275449101,0.5131736526946107,0.02487733901537841,17,0.5284431137724551,0.5157185628742516,0.500748502994012,0.5232035928143712,0.5082335329341318,0.5152694610778442,0.009970554374459113
5.997185802459716,0.6126664120600278,0.10293846130371094,0.01508036872998448,0.5,7,liblinear,,10.0,"{'smote__sampling_strategy': 0.5, 'smote__k_neighbors': 7, 'model__solver': 'liblinear', 'model__class_weight': None, 'model__C': 10}",0.0718562874251497,0.0718562874251497,0.05089820359281437,0.059880239520958084,0.08083832335329341,0.06706586826347305,0.01047476388295563,21,0.06661676646706587,0.0658682634730539,0.0718562874251497,0.06811377245508982,0.06212574850299401,0.06691616766467065,0.0031614838446022264
3.0222449779510496,0.4177077848395686,0.10491900444030762,0.023704898809835614,0.3,5,lbfgs,,0.1,"{'smote__sampling_strategy': 0.3, 'smote__k_neighbors': 5, 'model__solver': 'lbfgs', 'model__class_weight': None, 'model__C': 0.1}",0.06287425149700598,0.04491017964071856,0.03293413173652695,0.05389221556886228,0.0688622754491018,0.05269461077844312,0.012786920062312947,24,0.05389221556886228,0.05239520958083832,0.059880239520958084,0.05763473053892216,0.05089820359281437,0.05494011976047904,0.003333990636425164
2.5378281116485595,0.11662270520289227,0.10102477073669433,0.014851131935669514,0.1,5,lbfgs,,100.0,"{'smote__sampling_strategy': 0.1, 'smote__k_neighbors': 5, 'model__solver': 'lbfgs', 'model__class_weight': None, 'model__C': 100}",0.017964071856287425,0.005988023952095809,0.005988023952095809,0.023952095808383235,0.005988023952095809,0.011976047904191617,0.007574317748906299,25,0.008233532934131737,0.014221556886227544,0.0187125748502994,0.012724550898203593,0.012724550898203593,0.013323353293413174,0.003360770107880785
2.546568489074707,0.27952541979156786,0.10386061668395996,0.01774163595443682,0.02,5,lbfgs,balanced,0.01,"{'smote__sampling_strategy': 0.02, 'smote__k_neighbors': 5, 'model__solver': 'lbfgs', 'model__class_weight': 'balanced', 'model__C': 0.01}",0.5,0.5209580838323353,0.5119760479041916,0.49101796407185627,0.5479041916167665,0.51437125748503,0.01962391569841192,15,0.5366766467065869,0.5142215568862275,0.5067365269461078,0.5164670658682635,0.5,0.5148203592814371,0.012375450709844556
7.127588081359863,0.5618076193570077,0.06488862037658691,0.017721607819813596,1.0,3,liblinear,balanced,0.1,"{'smote__sampling_strategy': 1.0, 'smote__k_neighbors': 3, 'model__solver': 'liblinear', 'model__class_weight': 'balanced', 'model__C': 0.1}",0.4940119760479042,0.5299401197604791,0.5059880239520959,0.49101796407185627,0.5688622754491018,0.5179640718562875,0.02890423565544234,7,0.532185628742515,0.5202095808383234,0.5112275449101796,0.5157185628742516,0.5164670658682635,0.5191616766467065,0.0071103844832562275
2.517002582550049,0.2070890419690432,0.0899226188659668,0.008154399156720863,0.05,7,lbfgs,,10.0,"{'smote__sampling_strategy': 0.05, 'smote__k_neighbors': 7, 'model__solver': 'lbfgs', 'model__class_weight': None, 'model__C': 10}",0.011976047904191617,0.0,0.0029940119760479044,0.011976047904191617,0.0029940119760479044,0.005988023952095809,0.005009940278647159,29,0.0037425149700598802,0.008982035928143712,0.0074850299401197605,0.005239520958083832,0.008982035928143712,0.0068862275449101795,0.002085088065446724
3.2473082542419434,0.2795826695413597,0.11053376197814942,0.02349665167481636,0.3,3,lbfgs,balanced,0.1,"{'smote__sampling_strategy': 0.3, 'smote__k_neighbors': 3, 'model__solver': 'lbfgs', 'model__class_weight': 'balanced', 'model__C': 0.1}",0.5,0.5329341317365269,0.5149700598802395,0.49700598802395207,0.5598802395209581,0.5209580838323353,0.023268693685898754,4,0.5336826347305389,0.5217065868263473,0.5142215568862275,0.5217065868263473,0.5127245508982036,0.5208083832335328,0.00743094230298854
1.736964511871338,0.3592318799814749,0.054844331741333005,0.029886822270490696,0.05,3,lbfgs,balanced,0.001,"{'smote__sampling_strategy': 0.05, 'smote__k_neighbors': 3, 'model__solver': 'lbfgs', 'model__class_weight': 'balanced', 'model__C': 0.001}",0.4940119760479042,0.5209580838323353,0.4940119760479042,0.49101796407185627,0.5359281437125748,0.5071856287425149,0.018023852626697482,19,0.5336826347305389,0.5149700598802395,0.4865269461077844,0.5157185628742516,0.4812874251497006,0.506437125748503,0.01964788280319823
